{
  "test_loss": 0.06733592939004301,
  "test_acc": 0.9755,
  "test_f1": 0.9754985849689929,
  "test_precision": 0.9755562023878113,
  "test_recall": 0.9755
}